SurfaceDateTime(local),Spot,Underlying,IsFx,Default Fit,Object for Under,Model,Start Date,End Date,Var from Surface (0 Basis),Var from surface + (T-1) Basis,,Var from Surface (0 Basis),Marked Var,Marked Var,Marked Basis,,,Leader/Follower,,Old Marked Var Fn,New Market Var Fn,
 4/1/2016 4:00:00 PM   _3276,4999.385,AS51,Eq,SVI, AS51   _2998,SVI,,6/17/2016,19.9%,#VALUE!,,18.7%,,19.52%,0.8%,,AS51,Leader,,,19.52%,0.00%
 4/1/2016 4:00:00 PM   _3277,4999.385,AS51,Eq,SVI, AS51   _2999,SVI,,9/16/2016,20.8%,#VALUE!,,19.9%,,20.54%,0.6%,,,Leader,,,20.54%,0.00%
 4/1/2016 4:00:00 PM   _3278,4999.385,AS51,Eq,SVI, AS51   _3000,SVI,,12/16/2016,21.2%,#VALUE!,,20.5%,,21.15%,0.7%,,,Leader,,,21.15%,0.00%
 4/1/2016 4:00:00 PM   _3279,4999.385,AS51,Eq,SVI, AS51   _3001,SVI,,3/17/2017,21.5%,#VALUE!,,20.8%,,21.63%,0.8%,,,Leader,,,21.63%,#VALUE!
 4/1/2016 4:00:00 PM   _3280,4999.385,AS51,Eq,SVI, AS51   _3002,SVI,,6/16/2017,21.9%,#VALUE!,,21.3%,,22.07%,0.8%,,,Leader,,,22.07%,0.00%
 4/1/2016 4:00:00 PM   _3281,4999.385,AS51,Eq,SVI, AS51   _3003,SVI,,12/15/2017,22.4%,#VALUE!,,21.9%,,22.44%,0.6%,,,Leader,,,22.44%,0.00%
 4/1/2016 4:00:00 PM   _3282,20498.92,HSI,Eq,SVI, HSI   _3004,SVI,,6/29/2016,23.4%,#VALUE!,,22.3%,,22.97%,0.6%,,HSI,Leader,,,22.97%,0.00%
 4/1/2016 4:00:00 PM   _3283,20498.92,HSI,Eq,SVI, HSI   _3005,SVI,,9/29/2016,24.6%,#VALUE!,,23.8%,,24.53%,0.7%,,,Leader,,,24.53%,0.00%
 4/1/2016 4:00:00 PM   _3284,20498.92,HSI,Eq,SVI, HSI   _3006,SVI,,12/29/2016,25.6%,#VALUE!,,24.9%,,25.58%,0.7%,,,Leader,,,25.58%,0.00%
 4/1/2016 4:00:00 PM   _3285,20498.92,HSI,Eq,SVI, HSI   _3007,SVI,,3/30/2017,26.2%,#VALUE!,,25.6%,,26.23%,0.6%,,,Leader,,,26.23%,0.00%
 4/1/2016 4:00:00 PM   _3286,20498.92,HSI,Eq,SVI, HSI   _3008,SVI,,6/29/2017,27.1%,#VALUE!,,26.6%,,26.81%,0.2%,,,Leader,,,26.81%,0.00%
 4/1/2016 4:00:00 PM   _3287,20498.92,HSI,Eq,SVI, HSI   _3009,SVI,,12/28/2017,28.2%,#VALUE!,,27.7%,,27.74%,0.0%,,,Leader,,,27.74%,0.00%
 4/1/2016 3:15:00 PM   _3288,242.36,KOSPI2,Eq,SVI, KOSPI2   _3010,SVI,,6/9/2016,15.1%,#VALUE!,,14.0%,,14.61%,0.6%,,KOSPI2,Leader,,,14.61%,0.00%
 4/1/2016 3:15:00 PM   _3289,242.36,KOSPI2,Eq,SVI, KOSPI2   _3012,SVI,,9/8/2016,17.7%,#VALUE!,,17.0%,,17.16%,0.2%,,,Leader,,,17.16%,0.00%
 4/1/2016 3:15:00 PM   _3290,242.36,KOSPI2,Eq,SVI, KOSPI2   _3011,SVI,,12/8/2016,18.7%,#VALUE!,,18.2%,,18.72%,0.6%,,,Leader,,,18.72%,0.00%
 4/1/2016 3:15:00 PM   _3291,242.36,KOSPI2,Eq,SVI, KOSPI2   _3013,SVI,,3/9/2017,19.3%,#VALUE!,,18.8%,,19.70%,0.9%,,,Leader,,,19.70%,0.00%
 4/1/2016 3:15:00 PM   _3292,242.36,KOSPI2,Eq,SVI, KOSPI2   _3014,SVI,,6/8/2017,19.7%,#VALUE!,,19.3%,,20.53%,1.2%,,,Leader,,,20.53%,0.00%
 4/1/2016 3:15:00 PM   _3293,242.36,KOSPI2,Eq,SVI, KOSPI2   _3015,SVI,,12/14/2017,20.2%,#VALUE!,,19.9%,,21.76%,1.8%,,,Leader,,,21.76%,0.00%
 4/1/2016 3:44:57 PM   _3294,2072.78,SPX,Eq,SVI, SPX   _3016,SmoothVarWESVI,,4/16/2016,11.6%,#VALUE!,,12.6%,,11.78%,-0.8%,,SPX,Leader,,,11.78%,0.00%
 4/1/2016 3:44:57 PM   _3295,2072.78,SPX,Eq,SVI, SPX   _3017,SmoothVarWESVI,,5/21/2016,14.1%,#VALUE!,,14.9%,,14.71%,-0.2%,,,Leader,,,14.71%,0.00%
 4/1/2016 3:44:57 PM   _3296,2072.78,SPX,Eq,SVI, SPX   _3018,SmoothVarWESVI,,6/18/2016,15.9%,#VALUE!,,16.5%,,16.41%,-0.1%,,,Leader,,,16.41%,0.00%
 4/1/2016 3:44:57 PM   _3297,2072.78,SPX,Eq,SVI, SPX   _3019,SmoothVarWESVI,,7/16/2016,16.9%,#VALUE!,,17.6%,,17.42%,-0.1%,,,Leader,,,17.42%,0.00%
 4/1/2016 3:44:57 PM   _3298,2072.78,SPX,Eq,SVI, SPX   _3020,SmoothVarWESVI,,8/20/2016,17.9%,#VALUE!,,18.5%,,18.16%,-0.3%,,,Leader,,,18.16%,0.00%
 4/1/2016 3:44:57 PM   _3299,2072.78,SPX,Eq,SVI, SPX   _3021,SmoothVarWESVI,,9/17/2016,18.3%,#VALUE!,,18.8%,,18.62%,-0.2%,,,Leader,,,18.62%,0.00%
 4/1/2016 3:44:57 PM   _3300,2072.78,SPX,Eq,SVI, SPX   _3022,SmoothVarWESVI,,10/22/2016,18.9%,#VALUE!,,19.4%,,19.14%,-0.3%,,,Leader,,,19.14%,0.00%
 4/1/2016 3:44:57 PM   _3301,2072.78,SPX,Eq,SVI, SPX   _3024,SmoothVarWESVI,,11/19/2016,19.2%,#VALUE!,,19.6%,,19.56%,-0.1%,,,Leader,,,19.56%,0.00%
 4/1/2016 3:44:57 PM   _3302,2072.78,SPX,Eq,SVI, SPX   _3023,SmoothVarWESVI,,12/17/2016,19.4%,#VALUE!,,19.8%,,19.80%,0.0%,,,Leader,,,19.80%,0.00%
 4/1/2016 3:44:57 PM   _3303,2072.78,SPX,Eq,SVI, SPX   _3025,SmoothVarWESVI,,1/21/2017,19.7%,#VALUE!,,20.1%,,20.05%,0.0%,,,Leader,,,20.05%,0.00%
 4/1/2016 3:44:57 PM   _3304,2072.78,SPX,Eq,SVI, SPX   _3026,SmoothVarWESVI,,2/18/2017,19.9%,#VALUE!,,20.3%,,,#VALUE!,,,Leader,,,#VALUE!,#VALUE!
 4/1/2016 3:44:57 PM   _3305,2072.78,SPX,Eq,SVI, SPX   _3027,SmoothVarWESVI,,3/18/2017,20.2%,#VALUE!,,20.5%,,20.55%,0.0%,,,Leader,,,20.55%,0.00%
 4/1/2016 3:44:57 PM   _3306,2072.78,SPX,Eq,SVI, SPX   _3028,SmoothVarWESVI,,6/17/2017,20.8%,#VALUE!,,21.2%,,21.11%,-0.1%,,,Leader,,,21.11%,0.00%
 4/1/2016 3:44:57 PM   _3307,2072.78,SPX,Eq,SVI, SPX   _3029,SmoothVarWESVI,,9/16/2017,21.3%,#VALUE!,,21.6%,,21.49%,-0.1%,,,Leader,,,21.49%,0.00%
 4/1/2016 3:44:57 PM   _3308,2072.78,SPX,Eq,SVI, SPX   _3031,SmoothVarWESVI,,12/16/2017,21.8%,#VALUE!,,22.0%,,21.76%,-0.2%,,,Leader,,,21.76%,0.00%
 4/1/2016 3:44:57 PM   _3309,2072.78,SPX,Eq,SVI, SPX   _3032,SmoothVarWESVI,,1/20/2018,21.9%,#VALUE!,,22.2%,,21.87%,-0.3%,,,Leader,,,21.87%,0.00%
 4/1/2016 3:44:57 PM   _3310,2072.78,SPX,Eq,SVI, SPX   _3030,SmoothVarWESVI,,6/16/2018,22.5%,#VALUE!,,22.8%,,22.29%,-0.5%,,,Leader,,,22.29%,0.00%
 4/1/2016 3:44:57 PM   _3311,2072.78,SPX,Eq,SVI, SPX   _3033,SmoothVarWESVI,,12/22/2018,23.2%,#VALUE!,,23.5%,,22.77%,-0.8%,,,Leader,,,22.77%,0.00%
 4/1/2016 3:44:57 PM   _3312,2072.78,SPX,Eq,SVI, SPX   _3035,SmoothVarWESVI,,6/22/2019,23.4%,#VALUE!,,23.7%,,23.30%,-0.4%,,,Leader,,,23.30%,0.00%
 4/1/2016 3:44:57 PM   _3313,2072.78,SPX,Eq,SVI, SPX   _3034,SmoothVarWESVI,,12/21/2019,23.5%,#VALUE!,,23.9%,,23.72%,-0.2%,,,Leader,,,23.72%,0.00%
 4/1/2016 3:44:57 PM   _3314,2072.78,SPX,Eq,SVI, SPX   _3036,SmoothVarWESVI,,12/18/2020,23.9%,#VALUE!,,24.3%,,24.53%,0.2%,,,Leader,,,24.53%,0.00%
 4/1/2016 11:14:26 AM   _3315,2953.28,SX5E,Eq,SVI, SX5E   _3037,SVI,,4/15/2016,23.2%,#VALUE!,,21.0%,,22.37%,1.4%,,SX5E,Leader,,,22.37%,0.00%
 4/1/2016 11:14:26 AM   _3316,2953.28,SX5E,Eq,SVI, SX5E   _3038,SVI,,5/20/2016,24.5%,#VALUE!,,23.1%,,24.30%,1.2%,,,Leader,,,24.30%,0.00%
 4/1/2016 11:14:26 AM   _3317,2953.28,SX5E,Eq,SVI, SX5E   _3039,SVI,,6/17/2016,25.2%,#VALUE!,,24.2%,,25.28%,1.1%,,,Leader,,,25.28%,0.00%
 4/1/2016 11:14:26 AM   _3318,2953.28,SX5E,Eq,SVI, SX5E   _3040,SVI,,7/15/2016,25.5%,#VALUE!,,24.7%,,26.18%,1.5%,,,Leader,,,26.18%,0.00%
 4/1/2016 11:14:26 AM   _3319,2953.28,SX5E,Eq,SVI, SX5E   _3041,SVI,,8/19/2016,25.8%,#VALUE!,,25.1%,,26.60%,1.5%,,,Leader,,,26.60%,0.00%
 4/1/2016 11:14:26 AM   _3320,2953.28,SX5E,Eq,SVI, SX5E   _3042,SVI,,9/16/2016,26.0%,#VALUE!,,25.3%,,26.95%,1.7%,,,Leader,,,26.95%,0.00%
 4/1/2016 11:14:26 AM   _3321,2953.28,SX5E,Eq,SVI, SX5E   _3043,SVI,,10/21/2016,26.1%,#VALUE!,,25.5%,,26.88%,1.3%,,,Leader,,,26.88%,0.00%
 4/1/2016 11:14:26 AM   _3322,2953.28,SX5E,Eq,SVI, SX5E   _3044,SVI,,11/18/2016,26.0%,#VALUE!,,25.7%,,27.00%,1.3%,,,Leader,,,27.00%,0.00%
 4/1/2016 11:14:26 AM   _3323,2953.28,SX5E,Eq,SVI, SX5E   _3045,SVI,,12/16/2016,25.9%,#VALUE!,,25.8%,,27.33%,1.5%,,,Leader,,,27.33%,0.00%
 4/1/2016 11:14:26 AM   _3324,2953.28,SX5E,Eq,SVI, SX5E   _3046,SVI,,1/20/2017,26.1%,#VALUE!,,25.7%,,27.18%,1.5%,,,Leader,,,27.18%,0.00%
 4/1/2016 11:14:26 AM   _3325,2953.28,SX5E,Eq,SVI, SX5E   _3047,SVI,,2/17/2017,26.4%,#VALUE!,,25.5%,,,#VALUE!,,,Leader,,,#VALUE!,#VALUE!
 4/1/2016 11:14:26 AM   _3326,2953.28,SX5E,Eq,SVI, SX5E   _3048,SVI,,3/17/2017,26.6%,#VALUE!,,25.4%,,27.32%,1.9%,,,Leader,,,27.32%,0.00%
 4/1/2016 11:14:26 AM   _3327,2953.28,SX5E,Eq,SVI, SX5E   _3049,SVI,,6/16/2017,26.6%,#VALUE!,,26.4%,,27.62%,1.2%,,,Leader,,,27.62%,0.00%
 4/1/2016 11:14:26 AM   _3328,2953.28,SX5E,Eq,SVI, SX5E   _3050,SVI,,9/15/2017,26.6%,#VALUE!,,26.4%,,27.50%,1.1%,,,Leader,,,27.50%,0.00%
 4/1/2016 11:14:26 AM   _3329,2953.28,SX5E,Eq,SVI, SX5E   _3051,SVI,,12/15/2017,26.5%,#VALUE!,,26.3%,,27.62%,1.3%,,,Leader,,,27.62%,0.00%
 4/1/2016 11:14:26 AM   _3330,2953.28,SX5E,Eq,SVI, SX5E   _3052,SVI,,6/15/2018,26.5%,#VALUE!,,25.3%,,27.88%,2.6%,,,Leader,,,27.88%,0.00%
 4/1/2016 11:14:26 AM   _3331,2953.28,SX5E,Eq,SVI, SX5E   _3053,SVI,,12/21/2018,26.3%,#VALUE!,,25.5%,,28.10%,2.6%,,,Leader,,,28.10%,0.00%
 4/1/2016 11:14:26 AM   _3332,2953.28,SX5E,Eq,SVI, SX5E   _3054,SVI,,6/21/2019,26.5%,#VALUE!,,25.6%,,28.52%,2.9%,,,Leader,,,28.52%,0.00%
 4/1/2016 11:14:26 AM   _3333,2953.28,SX5E,Eq,SVI, SX5E   _3055,SVI,,12/20/2019,26.8%,#VALUE!,,25.8%,,28.83%,3.1%,,,Leader,,,28.83%,0.00%
 4/1/2016 11:14:26 AM   _3334,2953.28,SX5E,Eq,SVI, SX5E   _3056,SVI,,12/18/2020,27.2%,#VALUE!,,26.1%,,29.77%,3.7%,,,Leader,,,29.77%,0.00%
 4/1/2016 11:14:25 AM   _3335,6146.05,UKX,Eq,SVI, UKX   _3057,SVI,,4/15/2016,15.9%,#VALUE!,,15.0%,,15.94%,1.0%,,UKX,Leader,,,15.94%,0.00%
 4/1/2016 11:14:25 AM   _3336,6146.05,UKX,Eq,SVI, UKX   _3059,SVI,,6/17/2016,19.1%,#VALUE!,,18.5%,,19.73%,1.2%,,,Leader,,,19.73%,0.00%
 4/1/2016 11:14:25 AM   _3337,6146.05,UKX,Eq,SVI, UKX   _3058,SVI,,9/16/2016,22.2%,#VALUE!,,21.8%,,22.98%,1.2%,,,Leader,,,22.98%,0.00%
 4/1/2016 11:14:25 AM   _3338,6146.05,UKX,Eq,SVI, UKX   _3060,SVI,,12/16/2016,22.0%,#VALUE!,,21.7%,,23.16%,1.4%,,,Leader,,,23.16%,0.00%
 4/1/2016 11:14:25 AM   _3339,6146.05,UKX,Eq,SVI, UKX   _3061,SVI,,3/17/2017,21.4%,#VALUE!,,21.1%,,23.39%,2.3%,,,Leader,,,23.39%,0.00%
 4/1/2016 11:14:25 AM   _3340,6146.05,UKX,Eq,SVI, UKX   _3062,SVI,,6/16/2017,22.2%,#VALUE!,,22.4%,,23.55%,1.2%,,,Leader,,,23.55%,0.00%
 4/1/2016 11:14:25 AM   _3341,6146.05,UKX,Eq,SVI, UKX   _3064,SVI,,9/15/2017,22.6%,#VALUE!,,22.7%,,23.61%,0.9%,,,Leader,,,23.61%,0.00%
 4/1/2016 11:14:25 AM   _3342,6146.05,UKX,Eq,SVI, UKX   _3063,SVI,,12/15/2017,22.8%,#VALUE!,,22.8%,,24.00%,1.2%,,,Leader,,,24.00%,0.00%
 4/1/2016 11:14:25 AM   _3343,6146.05,UKX,Eq,SVI, UKX   _3066,SVI,,6/15/2018,23.0%,#VALUE!,,22.9%,,24.14%,1.2%,,,Leader,,,24.14%,0.00%
 4/1/2016 11:14:25 AM   _3344,6146.05,UKX,Eq,SVI, UKX   _3065,SVI,,12/21/2018,23.1%,#VALUE!,,23.1%,,24.36%,1.3%,,,Leader,,,24.36%,0.00%
 4/1/2016 11:14:25 AM   _3345,6146.05,UKX,Eq,SVI, UKX   _3067,SVI,,6/21/2019,23.3%,#VALUE!,,23.2%,,24.64%,1.4%,,,Leader,,,24.64%,0.00%
 4/1/2016 11:14:25 AM   _3346,6146.05,UKX,Eq,SVI, UKX   _3068,SVI,,12/20/2019,23.4%,#VALUE!,,23.4%,,24.87%,1.5%,,,Leader,,,24.87%,0.00%
 4/1/2016 4:00:00 PM   _3347,0.764,AUDUSD WMCO,FX,SVI, AUDUSD WMCO   _3069,SVI,,6/18/2016,12.6%,#VALUE!,,12.7%,,12.83%,0.1%,,AUDUSD WMCO,Leader,,,12.83%,0.00%
#VALUE!,#VALUE!,CLM6,Eq,#VALUE!,#VALUE!,#VALUE!,,5/17/2016,#VALUE!,#VALUE!,,#VALUE!,,,#VALUE!,,CLM6,Leader,,,#VALUE!,#VALUE!
#VALUE!,#VALUE!,CLZ7,Eq,#VALUE!,#VALUE!,#VALUE!,,11/15/2017,#VALUE!,#VALUE!,,#VALUE!,,,#VALUE!,,CLZ7,Leader,,,#VALUE!,#VALUE!
#VALUE!,#VALUE!,DEDZ6,Eq,#VALUE!,#VALUE!,#VALUE!,,12/16/2016,#VALUE!,#VALUE!,,#VALUE!,,,#VALUE!,,DEDZ6,Leader,,,#VALUE!,#VALUE!
#VALUE!,#VALUE!,DEDZ7,Eq,#VALUE!,#VALUE!,#VALUE!,,12/15/2017,#VALUE!,#VALUE!,,#VALUE!,,,#VALUE!,,DEDZ7,Leader,,,#VALUE!,#VALUE!
#VALUE!,#VALUE!,DEDZ8,Eq,#VALUE!,#VALUE!,#VALUE!,,12/21/2018,#VALUE!,#VALUE!,,#VALUE!,,,#VALUE!,,DEDZ8,Leader,,,#VALUE!,#VALUE!
 4/1/2016 4:00:00 PM   _3348,1.1345,EURUSD WMCO,FX,SVI, EURUSD WMCO   _3070,SVI,,6/18/2016,10.1%,#VALUE!,,10.2%,,9.97%,-0.2%,,EURUSD WMCO,Leader,,,9.97%,0.00%
 4/1/2016 4:00:00 PM   _3349,1.1345,EURUSD WMCO,FX,SVI, EURUSD WMCO   _3071,SVI,,12/17/2016,10.6%,#VALUE!,,10.5%,,10.83%,0.3%,,,Leader,,,10.83%,0.00%
 3/31/2016 11:40:00 AM   _3350,17776.84,FTSEMIB,Eq,SVI, FTSEMIB   _3072,SVI,,6/18/2016,32.1%,#VALUE!,,31.4%,,30.78%,-0.7%,,FTSEMIB,Leader,,,30.78%,0.00%
 4/1/2016 4:00:00 PM   _3351,1.41885,GBPUSD WMCO,FX,SVI, GBPUSD WMCO   _3074,SVI,,6/18/2016,14.8%,#VALUE!,,14.9%,,11.40%,-3.5%,,GBPUSD WMCO,Leader,,,11.40%,0.00%
 4/1/2016 4:00:00 PM   _3352,1.41885,GBPUSD WMCO,FX,SVI, GBPUSD WMCO   _3073,SVI,,12/17/2016,14.9%,#VALUE!,,14.8%,,14.07%,-0.7%,,,Leader,,,14.07%,0.00%
 4/1/2016 3:44:24 PM   _3353,116.93,GLD UP,Eq,SVI, GLD UP   _3075,SVI,,6/17/2016,18.3%,#VALUE!,,18.4%,,19.08%,0.7%,,GLD UP,Leader,,,19.08%,0.00%
 4/1/2016 3:44:24 PM   _3354,116.93,GLD UP,Eq,SVI, GLD UP   _3077,SVI,,1/20/2017,19.6%,#VALUE!,,19.8%,,20.32%,0.5%,,,Leader,,,20.32%,0.00%
 4/1/2016 3:44:46 PM   _3355,81.37,HYG UP,Eq,Steffen, HYG UP   _3076,Steffen,,6/17/2016,12.6%,#VALUE!,,12.9%,,13.45%,0.6%,,HYG UP,Leader,,,13.45%,0.00%
 4/1/2016 3:44:08 PM   _3356,110.14,IEF UP,Eq,Steffen, IEF UP   _3078,Steffen,,4/15/2016,5.2%,#VALUE!,,6.1%,,6.60%,0.5%,,IEF UP,Leader,,,6.60%,0.00%
#VALUE!,#VALUE!,NIZ6,Eq,#VALUE!,#VALUE!,#VALUE!,,12/9/2016,#VALUE!,#VALUE!,,#VALUE!,,,#VALUE!,,NIZ6,Leader,,,#VALUE!,#VALUE!
#VALUE!,#VALUE!,NIZ7,#N/A,#VALUE!,#N/A,#VALUE!,,12/8/2017,#VALUE!,#VALUE!,,#VALUE!,,,#VALUE!,,NIZ7,Leader,,,#VALUE!,#VALUE!
 4/1/2016 3:15:00 PM   _3357,16164.16,NKY,Eq,SVI, NKY   _3079,SVI,,4/8/2016,29.2%,#VALUE!,,22.2%,,21.08%,-1.1%,,NKY,Leader,,,21.08%,0.00%
 4/1/2016 3:15:00 PM   _3358,16164.16,NKY,Eq,SVI, NKY   _3080,SVI,,6/10/2016,28.8%,#VALUE!,,25.1%,,24.93%,-0.1%,,,Leader,,,24.93%,0.00%
 4/1/2016 3:15:00 PM   _3359,16164.16,NKY,Eq,SVI, NKY   _3081,SVI,,9/9/2016,29.2%,#VALUE!,,26.4%,,25.87%,-0.5%,,,Leader,,,25.87%,0.00%
 4/1/2016 3:15:00 PM   _3360,16164.16,NKY,Eq,SVI, NKY   _3082,SVI,,12/9/2016,30.1%,#VALUE!,,27.3%,,26.70%,-0.6%,,,Leader,,,26.70%,0.00%
 4/1/2016 3:15:00 PM   _3361,16164.16,NKY,Eq,SVI, NKY   _3083,SVI,,1/13/2017,30.2%,#VALUE!,,27.5%,,26.90%,-0.6%,,,Leader,,,26.90%,0.00%
 4/1/2016 3:15:00 PM   _3362,16164.16,NKY,Eq,SVI, NKY   _3084,SVI,,3/10/2017,30.3%,#VALUE!,,27.6%,,27.15%,-0.5%,,,Leader,,,27.15%,0.00%
 4/1/2016 3:15:00 PM   _3363,16164.16,NKY,Eq,SVI, NKY   _3085,SVI,,6/9/2017,30.4%,#VALUE!,,28.0%,,27.46%,-0.5%,,,Leader,,,27.46%,0.00%
 4/1/2016 3:15:00 PM   _3364,16164.16,NKY,Eq,SVI, NKY   _3086,SVI,,9/8/2017,30.2%,#VALUE!,,28.0%,,27.65%,-0.4%,,,Leader,,,27.65%,0.00%
 4/1/2016 3:15:00 PM   _3365,16164.16,NKY,Eq,SVI, NKY   _3087,SVI,,12/8/2017,30.3%,#VALUE!,,28.3%,,27.75%,-0.5%,,,Leader,,,27.75%,0.00%
 4/1/2016 3:15:00 PM   _3366,16164.16,NKY,Eq,SVI, NKY   _3088,SVI,,6/8/2018,30.2%,#VALUE!,,28.5%,,27.73%,-0.8%,,,Leader,,,27.73%,0.00%
 4/1/2016 3:15:00 PM   _3367,16164.16,NKY,Eq,SVI, NKY   _3089,SVI,,12/14/2018,30.2%,#VALUE!,,28.8%,,27.57%,-1.2%,,,Leader,,,27.57%,0.00%
 4/1/2016 3:15:00 PM   _3368,16164.16,NKY,Eq,SVI, NKY   _3090,SVI,,6/14/2019,30.4%,#VALUE!,,29.1%,,27.71%,-1.4%,,,Leader,,,27.71%,0.00%
 4/1/2016 3:15:00 PM   _3369,16164.16,NKY,Eq,SVI, NKY   _3091,SVI,,12/13/2019,30.6%,#VALUE!,,29.4%,,27.83%,-1.6%,,,Leader,,,27.83%,0.00%
 4/1/2016 3:15:00 PM   _3370,16164.16,NKY,Eq,SVI, NKY   _3092,SVI,,12/11/2020,30.9%,#VALUE!,,29.8%,,27.67%,-2.1%,,,Leader,,,27.67%,0.00%
 4/1/2016 4:00:00 PM   _3371,111.62,USDJPY,FX,SVI, USDJPY   _3093,SVI,,9/9/2016,10.8%,#VALUE!,,10.7%,,11.56%,0.8%,,USDJPY,Leader,,,11.56%,0.00%
 4/1/2016 4:00:00 PM   _3372,111.62,USDJPY,FX,SVI, USDJPY   _3094,SVI,,9/8/2017,11.6%,#VALUE!,,11.6%,,12.23%,0.6%,,,Leader,,,12.23%,0.00%
#VALUE!,#VALUE!,UVXYIV,#N/A,#VALUE!,#N/A,#VALUE!,,6/3/2016,#VALUE!,#VALUE!,,#VALUE!,,,#VALUE!,,UVXYIV,Leader,,,#VALUE!,#VALUE!
#VALUE!,#VALUE!,XIVIV,#N/A,#VALUE!,#N/A,#VALUE!,,6/3/2016,#VALUE!,#VALUE!,,#VALUE!,,,#VALUE!,,XIVIV,Leader,,,#VALUE!,#VALUE!
 4/1/2016 11:14:17 AM   _3373,7688.34,SMI,Eq,SVI, SMI   _3095,SVI,,6/17/2016,20.1%,#VALUE!,,18.7%,,20.31%,1.6%,,SMI,Follower,,,20.31%,0.00%
 4/1/2016 11:14:17 AM   _3374,7688.34,SMI,Eq,SVI, SMI   _3096,SVI,,9/16/2016,20.7%,#VALUE!,,19.6%,,21.35%,1.7%,,,Follower,,,21.35%,0.00%
 4/1/2016 11:14:17 AM   _3375,7688.34,SMI,Eq,SVI, SMI   _3097,SVI,,12/16/2016,21.1%,#VALUE!,,20.0%,,22.00%,2.0%,,,Follower,,,22.00%,0.00%
 4/1/2016 11:14:17 AM   _3376,7688.34,SMI,Eq,SVI, SMI   _3098,SVI,,3/17/2017,22.7%,#VALUE!,,22.0%,,22.17%,0.2%,,,Follower,,,22.17%,0.00%
 4/1/2016 11:14:17 AM   _3377,7688.34,SMI,Eq,SVI, SMI   _3099,SVI,,6/16/2017,22.3%,#VALUE!,,21.1%,,22.63%,1.5%,,,Follower,,,22.63%,0.00%
 4/1/2016 11:14:17 AM   _3378,7688.34,SMI,Eq,SVI, SMI   _3100,SVI,,12/15/2017,21.8%,#VALUE!,,21.6%,,22.90%,1.3%,,,Follower,,,22.90%,0.00%
 4/1/2016 3:15:00 PM   _3379,1301.4,TPX,Eq,SVI, TPX   _3101,SVI,,4/8/2016,28.3%,#VALUE!,,21.4%,,20.11%,-1.3%,,TPX,Follower,,,20.11%,0.00%
 4/1/2016 3:15:00 PM   _3380,1301.4,TPX,Eq,SVI, TPX   _3102,SVI,,6/10/2016,27.2%,#VALUE!,,23.5%,,23.85%,0.4%,,,Follower,,,23.85%,0.00%
 4/1/2016 3:15:00 PM   _3381,1301.4,TPX,Eq,SVI, TPX   _3103,SVI,,9/9/2016,27.7%,#VALUE!,,25.0%,,24.78%,-0.2%,,,Follower,,,24.78%,0.00%
 4/1/2016 3:15:00 PM   _3382,1301.4,TPX,Eq,SVI, TPX   _3104,SVI,,12/9/2016,28.7%,#VALUE!,,25.9%,,25.56%,-0.3%,,,Follower,,,25.56%,0.00%
 4/1/2016 3:15:00 PM   _3383,1301.4,TPX,Eq,SVI, TPX   _3105,SVI,,1/13/2017,28.7%,#VALUE!,,26.1%,,25.76%,-0.3%,,,Follower,,,25.76%,0.00%
 4/1/2016 3:15:00 PM   _3384,1301.4,TPX,Eq,SVI, TPX   _3106,SVI,,3/10/2017,28.7%,#VALUE!,,26.1%,,25.98%,-0.2%,,,Follower,,,25.98%,0.00%
 4/1/2016 3:15:00 PM   _3385,1301.4,TPX,Eq,SVI, TPX   _3107,SVI,,6/9/2017,28.8%,#VALUE!,,26.5%,,26.27%,-0.2%,,,Follower,,,26.27%,0.00%
 4/1/2016 3:15:00 PM   _3386,1301.4,TPX,Eq,SVI, TPX   _3108,SVI,,9/8/2017,28.6%,#VALUE!,,26.5%,,26.43%,0.0%,,,Follower,,,26.43%,0.00%
 4/1/2016 3:15:00 PM   _3387,1301.4,TPX,Eq,SVI, TPX   _3109,SVI,,12/8/2017,28.6%,#VALUE!,,26.7%,,26.57%,-0.1%,,,Follower,,,26.57%,0.00%
 4/1/2016 3:15:00 PM   _3388,1301.4,TPX,Eq,SVI, TPX   _3110,SVI,,6/8/2018,28.5%,#VALUE!,,26.9%,,26.58%,-0.3%,,,Follower,,,26.58%,0.00%
 4/1/2016 3:15:00 PM   _3389,1301.4,TPX,Eq,SVI, TPX   _3111,SVI,,12/14/2018,28.5%,#VALUE!,,27.1%,,26.44%,-0.7%,,,Follower,,,26.44%,0.00%
 4/1/2016 3:15:00 PM   _3390,1301.4,TPX,Eq,SVI, TPX   _3112,SVI,,6/14/2019,28.6%,#VALUE!,,27.4%,,26.62%,-0.8%,,,Follower,,,26.62%,0.00%
 4/1/2016 3:15:00 PM   _3391,1301.4,TPX,Eq,SVI, TPX   _3113,SVI,,12/13/2019,28.8%,#VALUE!,,27.6%,,26.67%,-0.9%,,,Follower,,,26.67%,0.00%
 4/1/2016 3:15:00 PM   _3392,1301.4,TPX,Eq,SVI, TPX   _3115,SVI,,12/11/2020,29.1%,#VALUE!,,28.0%,,26.47%,-1.6%,,,Follower,,,26.47%,0.00%
 4/1/2016 11:14:14 AM   _3393,4322.24,CAC,Eq,SVI, CAC   _3114,SVI,,6/17/2016,24.0%,#VALUE!,,22.9%,,24.65%,1.7%,,CAC,Follower,,,24.65%,0.00%
 4/1/2016 11:14:14 AM   _3394,9794.64,DAX,Eq,SVI, DAX   _3116,SVI,,6/17/2016,24.4%,#VALUE!,,23.5%,,25.21%,1.7%,,DAX,Follower,,,25.21%,0.00%
 4/1/2016 11:14:14 AM   _3395,9794.64,DAX,Eq,SVI, DAX   _3117,SVI,,9/16/2016,25.2%,#VALUE!,,24.7%,,26.51%,1.8%,,,Follower,,,26.51%,0.00%
 4/1/2016 11:14:14 AM   _3396,9794.64,DAX,Eq,SVI, DAX   _3118,SVI,,12/16/2016,25.1%,#VALUE!,,25.8%,,26.69%,0.9%,,,Follower,,,26.69%,0.00%
 4/1/2016 11:14:14 AM   _3397,9794.64,DAX,Eq,SVI, DAX   _3119,SVI,,3/17/2017,25.6%,#VALUE!,,25.1%,,27.06%,1.9%,,,Follower,,,27.06%,0.00%
 4/1/2016 11:14:14 AM   _3398,9794.64,DAX,Eq,SVI, DAX   _3121,SVI,,6/16/2017,25.3%,#VALUE!,,25.0%,,26.97%,2.0%,,,Follower,,,26.97%,0.00%
 4/1/2016 11:14:14 AM   _3399,9794.64,DAX,Eq,SVI, DAX   _3120,SVI,,9/15/2017,25.0%,#VALUE!,,25.3%,,27.29%,2.0%,,,Follower,,,27.29%,0.00%
 4/1/2016 11:14:14 AM   _3400,9794.64,DAX,Eq,SVI, DAX   _3122,SVI,,12/15/2017,24.9%,#VALUE!,,25.4%,,27.56%,2.1%,,,Follower,,,27.56%,0.00%
 4/1/2016 11:14:14 AM   _3401,9794.64,DAX,Eq,SVI, DAX   _3123,SVI,,6/15/2018,24.1%,#VALUE!,,22.6%,,27.74%,5.1%,,,Follower,,,27.74%,0.00%
 4/1/2016 11:14:14 AM   _3402,9794.64,DAX,Eq,SVI, DAX   _3124,SVI,,12/21/2018,25.9%,#VALUE!,,24.5%,,27.96%,3.5%,,,Follower,,,27.96%,0.00%
 4/1/2016 11:14:14 AM   _3403,9794.64,DAX,Eq,SVI, DAX   _3125,SVI,,6/21/2019,26.1%,#VALUE!,,24.6%,,28.46%,3.9%,,,Follower,,,28.46%,0.00%
 4/1/2016 11:14:14 AM   _3404,9794.64,DAX,Eq,SVI, DAX   _3126,SVI,,12/20/2019,26.4%,#VALUE!,,24.7%,,28.81%,4.1%,,,Follower,,,28.81%,0.00%
 4/1/2016 3:44:20 PM   _3405,34.16,EEM UP,Eq,Steffen, EEM UP   _3127,Steffen,,6/18/2016,23.3%,#VALUE!,,23.2%,,23.46%,0.3%,,EEM UP,Follower,,,23.46%,0.00%
 4/1/2016 3:44:20 PM   _3406,34.16,EEM UP,Eq,Steffen, EEM UP   _3128,Steffen,,9/17/2016,24.9%,#VALUE!,,24.6%,,25.21%,0.6%,,,Follower,,,25.21%,0.00%
 4/1/2016 3:44:20 PM   _3407,34.16,EEM UP,Eq,Steffen, EEM UP   _3129,Steffen,,12/17/2016,26.1%,#VALUE!,,25.7%,,26.25%,0.6%,,,Follower,,,26.25%,0.00%
 4/1/2016 3:44:20 PM   _3408,34.16,EEM UP,Eq,Steffen, EEM UP   _3131,Steffen,,1/21/2017,26.6%,#VALUE!,,26.2%,,26.84%,0.6%,,,Follower,,,26.84%,0.00%
 4/1/2016 3:44:20 PM   _3409,34.16,EEM UP,Eq,Steffen, EEM UP   _3130,Steffen,,3/18/2017,26.1%,#VALUE!,,25.9%,,27.66%,1.7%,,,Follower,,,27.66%,0.00%
 4/1/2016 3:44:20 PM   _3410,34.16,EEM UP,Eq,Steffen, EEM UP   _3133,Steffen,,1/20/2018,26.9%,#VALUE!,,26.9%,,28.54%,1.7%,,,Follower,,,28.54%,0.00%
 4/1/2016 3:44:29 PM   _3411,11.13,EWJ UP,Eq,Steffen, EWJ UP   _3132,Steffen,,4/15/2016,18.9%,#VALUE!,,16.9%,,18.08%,1.2%,,EWJ UP,Follower,,,18.08%,0.00%
 4/1/2016 3:44:29 PM   _3412,11.13,EWJ UP,Eq,Steffen, EWJ UP   _3135,Steffen,,6/17/2016,20.7%,#VALUE!,,20.4%,,21.82%,1.5%,,,Follower,,,21.82%,0.00%
 4/1/2016 3:44:29 PM   _3413,11.13,EWJ UP,Eq,Steffen, EWJ UP   _3134,Steffen,,9/16/2016,23.1%,#VALUE!,,22.3%,,23.33%,1.0%,,,Follower,,,23.33%,0.00%
 4/1/2016 3:44:29 PM   _3414,11.13,EWJ UP,Eq,Steffen, EWJ UP   _3137,Steffen,,1/20/2017,25.0%,#VALUE!,,24.8%,,24.64%,-0.2%,,,Follower,,,24.64%,0.00%
 4/1/2016 3:44:27 PM   _3415,20.1,GDX UP,Eq,Steffen, GDX UP   _3136,Steffen,,6/17/2016,46.7%,#VALUE!,,46.8%,,46.53%,-0.3%,,GDX UP,Follower,,,46.53%,0.00%
 4/1/2016 3:44:27 PM   _3416,20.1,GDX UP,Eq,Steffen, GDX UP   _3138,Steffen,,1/20/2017,46.3%,#VALUE!,,46.2%,,46.41%,0.2%,,,Follower,,,46.41%,0.00%
 4/1/2016 4:00:00 PM   _3417,8842.86,HSCEI,Eq,SVI, HSCEI   _3139,SVI,,6/29/2016,30.5%,#VALUE!,,28.9%,,29.97%,1.1%,,HSCEI,Follower,,,29.97%,0.00%
 4/1/2016 4:00:00 PM   _3418,8842.86,HSCEI,Eq,SVI, HSCEI   _3140,SVI,,9/29/2016,31.7%,#VALUE!,,30.3%,,30.83%,0.6%,,,Follower,,,30.83%,0.00%
 4/1/2016 4:00:00 PM   _3419,8842.86,HSCEI,Eq,SVI, HSCEI   _3141,SVI,,12/29/2016,33.8%,#VALUE!,,32.4%,,31.69%,-0.7%,,,Follower,,,31.69%,0.00%
 4/1/2016 4:00:00 PM   _3420,8842.86,HSCEI,Eq,SVI, HSCEI   _3142,SVI,,3/30/2017,33.8%,#VALUE!,,32.6%,,32.07%,-0.5%,,,Follower,,,32.07%,0.00%
 4/1/2016 4:00:00 PM   _3421,8842.86,HSCEI,Eq,SVI, HSCEI   _3143,SVI,,6/29/2017,33.9%,#VALUE!,,32.8%,,32.67%,-0.1%,,,Follower,,,32.67%,0.00%
 4/1/2016 4:00:00 PM   _3422,8842.86,HSCEI,Eq,SVI, HSCEI   _3144,SVI,,12/28/2017,33.5%,#VALUE!,,32.5%,,33.30%,0.8%,,,Follower,,,33.30%,0.00%
 3/31/2016 11:35:00 AM   _3423,8602.3,IBEX,Eq,SVI, IBEX   _3145,SVI,,6/17/2016,28.7%,#VALUE!,,28.6%,,27.50%,-1.1%,,IBEX,Follower,,,27.50%,0.00%
 4/1/2016 3:44:22 PM   _3424,4532.082,NDX,Eq,SVI, NDX   _3147,SVI,,6/17/2016,17.7%,#VALUE!,,18.5%,,19.09%,0.6%,,NDX,Follower,,,19.09%,0.00%
 4/1/2016 3:44:22 PM   _3425,4532.082,NDX,Eq,SVI, NDX   _3146,SVI,,9/16/2016,19.8%,#VALUE!,,20.3%,,20.71%,0.4%,,,Follower,,,20.71%,0.00%
 4/1/2016 3:44:22 PM   _3426,4532.082,NDX,Eq,SVI, NDX   _3148,SVI,,12/16/2016,21.0%,#VALUE!,,21.4%,,21.68%,0.3%,,,Follower,,,21.68%,0.00%
 4/1/2016 3:44:22 PM   _3427,4532.082,NDX,Eq,SVI, NDX   _3149,SVI,,3/17/2017,21.7%,#VALUE!,,22.1%,,22.48%,0.3%,,,Follower,,,22.48%,0.00%
 4/1/2016 3:44:22 PM   _3428,4532.082,NDX,Eq,SVI, NDX   _3150,SVI,,6/16/2017,22.6%,#VALUE!,,23.0%,,23.16%,0.2%,,,Follower,,,23.16%,0.00%
 4/1/2016 3:44:22 PM   _3429,4532.082,NDX,Eq,SVI, NDX   _3151,SVI,,12/15/2017,23.7%,#VALUE!,,24.1%,,24.16%,0.1%,,,Follower,,,24.16%,0.00%
 4/1/2016 3:44:43 PM   _3430,1117.684,RTY,Eq,SVI, RTY   _3152,SVI,,6/18/2016,19.7%,#VALUE!,,19.5%,,20.25%,0.7%,,RTY,Follower,,,20.25%,0.00%
 4/1/2016 3:44:43 PM   _3431,1117.684,RTY,Eq,SVI, RTY   _3153,SVI,,9/17/2016,21.4%,#VALUE!,,21.1%,,21.99%,0.9%,,,Follower,,,21.99%,0.00%
 4/1/2016 3:44:43 PM   _3432,1117.684,RTY,Eq,SVI, RTY   _3154,SVI,,12/17/2016,22.3%,#VALUE!,,22.2%,,22.94%,0.8%,,,Follower,,,22.94%,0.00%
 4/1/2016 3:44:43 PM   _3433,1117.684,RTY,Eq,SVI, RTY   _3155,SVI,,3/18/2017,23.2%,#VALUE!,,23.1%,,23.70%,0.6%,,,Follower,,,23.70%,0.00%
 4/1/2016 3:44:43 PM   _3434,1117.684,RTY,Eq,SVI, RTY   _3156,SVI,,6/17/2017,23.9%,#VALUE!,,23.8%,,24.38%,0.6%,,,Follower,,,24.38%,0.00%
 4/1/2016 3:44:43 PM   _3435,1117.684,RTY,Eq,SVI, RTY   _3157,SVI,,12/16/2017,25.0%,#VALUE!,,24.8%,,25.14%,0.3%,,,Follower,,,25.14%,0.00%
 4/1/2016 3:41:31 PM   _3436,206.91,SPY UP,Eq,SVI, SPY UP   _3158,SVI,,4/15/2016,11.0%,#VALUE!,,11.9%,,12.81%,0.9%,,SPY UP,Follower,,,12.81%,0.00%
 4/1/2016 3:41:31 PM   _3437,206.91,SPY UP,Eq,SVI, SPY UP   _3159,SVI,,6/17/2016,15.5%,#VALUE!,,16.1%,,16.97%,0.8%,,,Follower,,,16.97%,0.00%
 4/1/2016 3:41:31 PM   _3438,206.91,SPY UP,Eq,SVI, SPY UP   _3160,SVI,,9/16/2016,17.8%,#VALUE!,,18.3%,,18.99%,0.7%,,,Follower,,,18.99%,0.00%
 4/1/2016 3:41:31 PM   _3439,206.91,SPY UP,Eq,SVI, SPY UP   _3161,SVI,,12/16/2016,19.0%,#VALUE!,,19.4%,,19.89%,0.5%,,,Follower,,,19.89%,0.00%
 4/1/2016 3:41:31 PM   _3440,206.91,SPY UP,Eq,SVI, SPY UP   _3162,SVI,,1/20/2017,19.2%,#VALUE!,,19.6%,,20.12%,0.5%,,,Follower,,,20.12%,0.00%
 4/1/2016 3:41:31 PM   _3441,206.91,SPY UP,Eq,SVI, SPY UP   _3163,SVI,,3/17/2017,19.8%,#VALUE!,,20.2%,,20.56%,0.4%,,,Follower,,,20.56%,0.00%
 4/1/2016 11:14:13 AM   _3442,100.13,SX7E,Eq,SVI, SX7E   _3164,SVI,,4/15/2016,36.1%,#VALUE!,,35.1%,,33.66%,-1.4%,,SX7E,Follower,,,33.66%,0.00%
 4/1/2016 11:14:13 AM   _3443,100.13,SX7E,Eq,SVI, SX7E   _3166,SVI,,12/16/2016,38.6%,#VALUE!,,37.9%,,39.06%,1.2%,,,Follower,,,39.06%,0.00%
 3/31/2016 1:45:00 PM   _3444,8657.55,TWSE,Eq,SVI, TWSE   _3165,SVI,,6/15/2016,19.0%,#VALUE!,,18.6%,,18.34%,-0.2%,,TWSE,Follower,,,18.34%,0.00%
 3/31/2016 1:45:00 PM   _3445,8657.55,TWSE,Eq,SVI, TWSE   _3167,SVI,,9/14/2016,19.6%,#VALUE!,,19.3%,,19.80%,0.5%,,,Follower,,,19.80%,0.00%
 3/31/2016 1:45:00 PM   _3446,8657.55,TWSE,Eq,SVI, TWSE   _3168,SVI,,12/14/2016,19.7%,#VALUE!,,19.5%,,21.10%,1.6%,,,Follower,,,21.10%,0.00%
 3/31/2016 1:45:00 PM   _3447,8657.55,TWSE,Eq,SVI, TWSE   _3169,SVI,,3/15/2017,19.9%,#VALUE!,,19.7%,,22.00%,2.3%,,,Follower,,,22.00%,0.00%
 4/1/2016 3:43:42 PM   _3448,45.09,XLB UP,Eq,Steffen, XLB UP   _3170,Steffen,,6/17/2016,19.9%,#VALUE!,,19.7%,,19.99%,0.3%,,XLB UP,Follower,,,19.99%,0.00%
 4/1/2016 3:43:42 PM   _3449,45.09,XLB UP,Eq,Steffen, XLB UP   _3171,Steffen,,9/16/2016,20.9%,#VALUE!,,21.1%,,21.24%,0.2%,,,Follower,,,21.24%,0.00%
 4/1/2016 3:43:42 PM   _3450,45.09,XLB UP,Eq,Steffen, XLB UP   _3172,Steffen,,12/16/2016,21.9%,#VALUE!,,21.9%,,22.07%,0.2%,,,Follower,,,22.07%,0.00%
 4/1/2016 3:43:42 PM   _3451,45.09,XLB UP,Eq,Steffen, XLB UP   _3173,Steffen,,1/20/2017,22.1%,#VALUE!,,22.0%,,22.21%,0.2%,,,Follower,,,22.21%,0.00%
 4/1/2016 3:43:42 PM   _3452,45.09,XLB UP,Eq,Steffen, XLB UP   _3174,Steffen,,3/17/2017,22.5%,#VALUE!,,22.5%,,22.89%,0.4%,,,Follower,,,22.89%,0.00%
 4/1/2016 3:43:42 PM   _3453,61,XLE UP,Eq,Steffen, XLE UP   _3175,Steffen,,6/18/2016,26.5%,#VALUE!,,25.8%,,26.18%,0.4%,,XLE UP,Follower,,,26.18%,0.00%
 4/1/2016 3:43:42 PM   _3454,61,XLE UP,Eq,Steffen, XLE UP   _3176,Steffen,,9/17/2016,27.2%,#VALUE!,,26.7%,,26.71%,0.0%,,,Follower,,,26.71%,0.00%
 4/1/2016 3:43:42 PM   _3455,61,XLE UP,Eq,Steffen, XLE UP   _3177,Steffen,,12/17/2016,25.9%,#VALUE!,,25.6%,,26.45%,0.8%,,,Follower,,,26.45%,0.00%
 4/1/2016 3:43:42 PM   _3456,61,XLE UP,Eq,Steffen, XLE UP   _3179,Steffen,,1/21/2017,26.6%,#VALUE!,,26.4%,,26.48%,0.1%,,,Follower,,,26.48%,0.00%
 4/1/2016 3:43:42 PM   _3457,61,XLE UP,Eq,Steffen, XLE UP   _3178,Steffen,,3/18/2017,24.8%,#VALUE!,,26.3%,,26.76%,0.4%,,,Follower,,,26.76%,0.00%
 4/1/2016 3:43:42 PM   _3458,61,XLE UP,Eq,Steffen, XLE UP   _3180,Steffen,,1/20/2018,26.3%,#VALUE!,,26.4%,,27.42%,1.1%,,,Follower,,,27.42%,0.00%
 4/1/2016 3:43:42 PM   _3459,22.7,XLF UP,Eq,Steffen, XLF UP   _3181,Steffen,,6/18/2016,19.5%,#VALUE!,,19.1%,,20.23%,1.2%,,XLF UP,Follower,,,20.23%,0.00%
 4/1/2016 3:43:42 PM   _3460,22.7,XLF UP,Eq,Steffen, XLF UP   _3182,Steffen,,9/17/2016,20.5%,#VALUE!,,20.8%,,20.78%,0.0%,,,Follower,,,20.78%,0.00%
 4/1/2016 3:43:42 PM   _3461,22.7,XLF UP,Eq,Steffen, XLF UP   _3183,Steffen,,12/17/2016,21.9%,#VALUE!,,22.1%,,22.03%,0.0%,,,Follower,,,22.03%,0.00%
 4/1/2016 3:43:42 PM   _3462,22.7,XLF UP,Eq,Steffen, XLF UP   _3184,Steffen,,1/21/2017,22.1%,#VALUE!,,22.5%,,22.71%,0.2%,,,Follower,,,22.71%,0.00%
 4/1/2016 3:43:42 PM   _3463,22.7,XLF UP,Eq,Steffen, XLF UP   _3185,Steffen,,3/18/2017,21.5%,#VALUE!,,21.6%,,23.08%,1.5%,,,Follower,,,23.08%,0.00%
 4/1/2016 3:43:20 PM   _3464,55.56,XLI UP,Eq,Steffen, XLI UP   _3186,Steffen,,6/18/2016,17.5%,#VALUE!,,17.1%,,17.68%,0.5%,,XLI UP,Follower,,,17.68%,0.00%
 4/1/2016 3:43:20 PM   _3465,55.56,XLI UP,Eq,Steffen, XLI UP   _3187,Steffen,,9/17/2016,18.8%,#VALUE!,,18.5%,,19.05%,0.5%,,,Follower,,,19.05%,0.00%
 4/1/2016 3:43:20 PM   _3466,55.56,XLI UP,Eq,Steffen, XLI UP   _3189,Steffen,,12/17/2016,20.0%,#VALUE!,,19.4%,,19.84%,0.4%,,,Follower,,,19.84%,0.00%
 4/1/2016 3:43:20 PM   _3467,55.56,XLI UP,Eq,Steffen, XLI UP   _3188,Steffen,,1/21/2017,20.3%,#VALUE!,,19.6%,,20.12%,0.5%,,,Follower,,,20.12%,0.00%
 4/1/2016 3:43:20 PM   _3468,55.56,XLI UP,Eq,Steffen, XLI UP   _3191,Steffen,,3/18/2017,20.6%,#VALUE!,,20.0%,,20.64%,0.6%,,,Follower,,,20.64%,0.00%
 4/1/2016 3:43:20 PM   _3469,44.7,XLK UP,Eq,Steffen, XLK UP   _3190,Steffen,,6/18/2016,17.0%,#VALUE!,,17.2%,,17.71%,0.5%,,XLK UP,Follower,,,17.71%,0.00%
 4/1/2016 3:43:20 PM   _3470,44.7,XLK UP,Eq,Steffen, XLK UP   _3192,Steffen,,9/17/2016,18.7%,#VALUE!,,18.9%,,19.47%,0.6%,,,Follower,,,19.47%,0.00%
 4/1/2016 3:43:20 PM   _3471,44.7,XLK UP,Eq,Steffen, XLK UP   _3193,Steffen,,12/17/2016,19.6%,#VALUE!,,19.8%,,20.31%,0.5%,,,Follower,,,20.31%,0.00%
 4/1/2016 3:43:20 PM   _3472,44.7,XLK UP,Eq,Steffen, XLK UP   _3194,Steffen,,1/21/2017,19.8%,#VALUE!,,20.0%,,20.43%,0.5%,,,Follower,,,20.43%,0.00%
 4/1/2016 3:43:20 PM   _3473,44.7,XLK UP,Eq,Steffen, XLK UP   _3196,Steffen,,3/18/2017,20.4%,#VALUE!,,20.6%,,21.11%,0.5%,,,Follower,,,21.11%,0.00%
 4/1/2016 3:43:20 PM   _3474,53.75,XLP UP,Eq,Steffen, XLP UP   _3195,Steffen,,6/18/2016,13.6%,#VALUE!,,13.9%,,14.02%,0.2%,,XLP UP,Follower,,,14.02%,0.00%
 4/1/2016 3:43:20 PM   _3475,53.75,XLP UP,Eq,Steffen, XLP UP   _3198,Steffen,,9/17/2016,15.0%,#VALUE!,,15.3%,,15.54%,0.3%,,,Follower,,,15.54%,0.00%
 4/1/2016 3:43:20 PM   _3476,53.75,XLP UP,Eq,Steffen, XLP UP   _3197,Steffen,,12/17/2016,15.9%,#VALUE!,,16.3%,,15.78%,-0.5%,,,Follower,,,15.78%,0.00%
 4/1/2016 3:43:20 PM   _3477,53.75,XLP UP,Eq,Steffen, XLP UP   _3199,Steffen,,1/21/2017,16.1%,#VALUE!,,16.5%,,16.00%,-0.5%,,,Follower,,,16.00%,0.00%
 4/1/2016 3:43:20 PM   _3478,53.75,XLP UP,Eq,Steffen, XLP UP   _3201,Steffen,,3/18/2017,16.5%,#VALUE!,,16.8%,,17.34%,0.5%,,,Follower,,,17.34%,0.00%
 4/1/2016 3:44:35 PM   _3479,49.81,XLU UP,Eq,Steffen, XLU UP   _3200,Steffen,,6/17/2016,15.8%,#VALUE!,,16.2%,,16.48%,0.3%,,XLU UP,Follower,,,16.48%,0.00%
 4/1/2016 3:44:35 PM   _3480,49.81,XLU UP,Eq,Steffen, XLU UP   _3202,Steffen,,9/16/2016,17.3%,#VALUE!,,17.4%,,17.06%,-0.3%,,,Follower,,,17.06%,0.00%
 4/1/2016 3:44:35 PM   _3481,49.81,XLU UP,Eq,Steffen, XLU UP   _3203,Steffen,,12/16/2016,17.6%,#VALUE!,,17.8%,,17.64%,-0.1%,,,Follower,,,17.64%,0.00%
 4/1/2016 3:44:35 PM   _3482,49.81,XLU UP,Eq,Steffen, XLU UP   _3204,Steffen,,1/20/2017,17.7%,#VALUE!,,17.8%,,18.08%,0.2%,,,Follower,,,18.08%,0.00%
 4/1/2016 3:44:35 PM   _3483,49.81,XLU UP,Eq,Steffen, XLU UP   _3205,Steffen,,3/17/2017,18.0%,#VALUE!,,18.2%,,18.25%,0.1%,,,Follower,,,18.25%,0.00%
 4/1/2016 3:44:35 PM   _3484,68.66,XLV UP,Eq,Steffen, XLV UP   _3206,Steffen,,6/18/2016,16.7%,#VALUE!,,17.1%,,17.51%,0.4%,,XLV UP,Follower,,,17.51%,0.00%
 4/1/2016 3:44:35 PM   _3485,68.66,XLV UP,Eq,Steffen, XLV UP   _3207,Steffen,,9/17/2016,18.4%,#VALUE!,,18.6%,,18.94%,0.3%,,,Follower,,,18.94%,0.00%
 4/1/2016 3:44:35 PM   _3486,68.66,XLV UP,Eq,Steffen, XLV UP   _3208,Steffen,,12/17/2016,19.7%,#VALUE!,,19.9%,,20.17%,0.3%,,,Follower,,,20.17%,0.00%
 4/1/2016 3:44:35 PM   _3487,68.66,XLV UP,Eq,Steffen, XLV UP   _3209,Steffen,,1/21/2017,19.9%,#VALUE!,,20.1%,,20.44%,0.3%,,,Follower,,,20.44%,0.00%
 4/1/2016 3:44:35 PM   _3488,68.66,XLV UP,Eq,Steffen, XLV UP   _3210,Steffen,,3/18/2017,20.3%,#VALUE!,,20.5%,,20.98%,0.5%,,,Follower,,,20.98%,0.00%
 4/1/2016 3:44:35 PM   _3489,79.43,XLY UP,Eq,Steffen, XLY UP   _3211,Steffen,,6/18/2016,17.7%,#VALUE!,,17.6%,,17.80%,0.2%,,XLY UP,Follower,,,17.80%,0.00%
 4/1/2016 3:44:35 PM   _3490,79.43,XLY UP,Eq,Steffen, XLY UP   _3212,Steffen,,9/17/2016,19.0%,#VALUE!,,19.0%,,19.13%,0.1%,,,Follower,,,19.13%,0.00%
 4/1/2016 3:44:35 PM   _3491,79.43,XLY UP,Eq,Steffen, XLY UP   _3213,Steffen,,12/17/2016,20.3%,#VALUE!,,19.9%,,20.04%,0.1%,,,Follower,,,20.04%,0.00%
 4/1/2016 3:44:35 PM   _3492,79.43,XLY UP,Eq,Steffen, XLY UP   _3214,Steffen,,1/21/2017,20.6%,#VALUE!,,20.1%,,21.00%,0.9%,,,Follower,,,21.00%,0.00%
 4/1/2016 3:44:35 PM   _3493,79.43,XLY UP,Eq,Steffen, XLY UP   _3215,Steffen,,3/18/2017,20.9%,#VALUE!,,20.6%,,21.28%,0.7%,,,Follower,,,21.28%,0.00%
 4/1/2016 3:44:31 PM   _3494,20.58,XME UP,Eq,Steffen, XME UP   _3216,Steffen,,6/17/2016,42.6%,#VALUE!,,42.6%,,42.70%,0.1%,,XME UP,Follower,,,42.70%,0.00%
 4/1/2016 3:44:31 PM   _3495,20.58,XME UP,Eq,Steffen, XME UP   _3217,Steffen,,9/16/2016,43.4%,#VALUE!,,43.4%,,43.25%,-0.1%,,,Follower,,,43.25%,0.00%
 4/1/2016 3:44:31 PM   _3496,20.58,XME UP,Eq,Steffen, XME UP   _3218,Steffen,,12/16/2016,43.7%,#VALUE!,,44.3%,,42.99%,-1.3%,,,Follower,,,42.99%,0.00%
 4/1/2016 3:44:31 PM   _3497,20.58,XME UP,Eq,Steffen, XME UP   _3219,Steffen,,1/20/2017,43.9%,#VALUE!,,44.6%,,42.80%,-1.8%,,,Follower,,,42.80%,0.00%
 4/1/2016 3:44:31 PM   _3498,20.58,XME UP,Eq,Steffen, XME UP   _3220,Steffen,,3/17/2017,43.5%,#VALUE!,,44.9%,,43.84%,-1.0%,,,Follower,,,43.84%,0.00%
#VALUE!,#VALUE!,,#N/A,#VALUE!,#N/A,#VALUE!,,,#VALUE!,#VALUE!,,#VALUE!,,,#VALUE!,,,,,,#VALUE!,#VALUE!
#VALUE!,#VALUE!,,#N/A,#VALUE!,#N/A,#VALUE!,,,#VALUE!,#VALUE!,,#VALUE!,,,#VALUE!,,,,,,#VALUE!,#VALUE!
#VALUE!,#VALUE!,,#N/A,#VALUE!,#N/A,#VALUE!,,,#VALUE!,#VALUE!,,#VALUE!,,,#VALUE!,,,,,,#VALUE!,#VALUE!
#VALUE!,#VALUE!,,#N/A,#VALUE!,#N/A,#VALUE!,,,#VALUE!,#VALUE!,,#VALUE!,,,#VALUE!,,,,,,#VALUE!,#VALUE!
#VALUE!,#VALUE!,,#N/A,#VALUE!,#N/A,#VALUE!,,,#VALUE!,#VALUE!,,#VALUE!,,,#VALUE!,,,,,,#VALUE!,#VALUE!
#VALUE!,#VALUE!,,#N/A,#VALUE!,#N/A,#VALUE!,,,#VALUE!,#VALUE!,,#VALUE!,,,#VALUE!,,,,,,#VALUE!,#VALUE!
#VALUE!,#VALUE!,,#N/A,#VALUE!,#N/A,#VALUE!,,,#VALUE!,#VALUE!,,#VALUE!,,,#VALUE!,,,,,,#VALUE!,#VALUE!
#VALUE!,#VALUE!,,#N/A,#VALUE!,#N/A,#VALUE!,,,#VALUE!,#VALUE!,,#VALUE!,,,#VALUE!,,,,,,#VALUE!,#VALUE!
#VALUE!,#VALUE!,,#N/A,#VALUE!,#N/A,#VALUE!,,,#VALUE!,#VALUE!,,#VALUE!,,,#VALUE!,,,,,,#VALUE!,#VALUE!
#VALUE!,#VALUE!,,#N/A,#VALUE!,#N/A,#VALUE!,,,#VALUE!,#VALUE!,,#VALUE!,,,#VALUE!,,,,,,#VALUE!,#VALUE!
#VALUE!,#VALUE!,,#N/A,#VALUE!,#N/A,#VALUE!,,,#VALUE!,#VALUE!,,#VALUE!,,,#VALUE!,,,,,,#VALUE!,#VALUE!
#VALUE!,#VALUE!,,#N/A,#VALUE!,#N/A,#VALUE!,,,#VALUE!,#VALUE!,,#VALUE!,,,#VALUE!,,,,,,#VALUE!,#VALUE!
#VALUE!,#VALUE!,,#N/A,#VALUE!,#N/A,#VALUE!,,,#VALUE!,#VALUE!,,#VALUE!,,,#VALUE!,,,,,,#VALUE!,#VALUE!
#VALUE!,#VALUE!,,#N/A,#VALUE!,#N/A,#VALUE!,,,#VALUE!,#VALUE!,,#VALUE!,,,#VALUE!,,,,,,#VALUE!,#VALUE!
#VALUE!,#VALUE!,,#N/A,#VALUE!,#N/A,#VALUE!,,,#VALUE!,#VALUE!,,#VALUE!,,,#VALUE!,,,,,,#VALUE!,#VALUE!
#VALUE!,#VALUE!,,#N/A,#VALUE!,#N/A,#VALUE!,,,#VALUE!,#VALUE!,,#VALUE!,,,#VALUE!,,,,,,#VALUE!,#VALUE!
#VALUE!,#VALUE!,,#N/A,#VALUE!,#N/A,#VALUE!,,,#VALUE!,#VALUE!,,#VALUE!,,,#VALUE!,,,,,,#VALUE!,#VALUE!
#VALUE!,#VALUE!,,#N/A,#VALUE!,#N/A,#VALUE!,,,#VALUE!,#VALUE!,,#VALUE!,,,#VALUE!,,,,,,#VALUE!,#VALUE!
#VALUE!,#VALUE!,,#N/A,#VALUE!,#N/A,#VALUE!,,,#VALUE!,#VALUE!,,#VALUE!,,,#VALUE!,,,,,,#VALUE!,#VALUE!
#VALUE!,#VALUE!,,#N/A,#VALUE!,#N/A,#VALUE!,,,#VALUE!,#VALUE!,,#VALUE!,,,#VALUE!,,,,,,#VALUE!,#VALUE!
#VALUE!,#VALUE!,,#N/A,#VALUE!,#N/A,#VALUE!,,,#VALUE!,#VALUE!,,#VALUE!,,,#VALUE!,,,,,,#VALUE!,#VALUE!
#VALUE!,#VALUE!,,#N/A,#VALUE!,#N/A,#VALUE!,,,#VALUE!,#VALUE!,,#VALUE!,,,#VALUE!,,,,,,#VALUE!,#VALUE!
#VALUE!,#VALUE!,,#N/A,#VALUE!,#N/A,#VALUE!,,,#VALUE!,#VALUE!,,#VALUE!,,,#VALUE!,,,,,,#VALUE!,#VALUE!
#VALUE!,#VALUE!,,#N/A,#VALUE!,#N/A,#VALUE!,,,#VALUE!,#VALUE!,,#VALUE!,,,#VALUE!,,,,,,#VALUE!,#VALUE!
#VALUE!,#VALUE!,,#N/A,#VALUE!,#N/A,#VALUE!,,,#VALUE!,#VALUE!,,#VALUE!,,,#VALUE!,,,,,,#VALUE!,#VALUE!
#VALUE!,#VALUE!,,#N/A,#VALUE!,#N/A,#VALUE!,,,#VALUE!,#VALUE!,,#VALUE!,,,#VALUE!,,,,,,#VALUE!,#VALUE!
#VALUE!,#VALUE!,,#N/A,#VALUE!,#N/A,#VALUE!,,,#VALUE!,#VALUE!,,#VALUE!,,,#VALUE!,,,,,,#VALUE!,#VALUE!
#VALUE!,#VALUE!,,#N/A,#VALUE!,#N/A,#VALUE!,,,#VALUE!,#VALUE!,,#VALUE!,,,#VALUE!,,,,,,#VALUE!,#VALUE!
#VALUE!,#VALUE!,,#N/A,#VALUE!,#N/A,#VALUE!,,,#VALUE!,#VALUE!,,#VALUE!,,,#VALUE!,,,,,,#VALUE!,#VALUE!
#VALUE!,#VALUE!,,#N/A,#VALUE!,#N/A,#VALUE!,,,#VALUE!,#VALUE!,,#VALUE!,,,#VALUE!,,,,,,#VALUE!,#VALUE!
#VALUE!,#VALUE!,,#N/A,#VALUE!,#N/A,#VALUE!,,,#VALUE!,#VALUE!,,#VALUE!,,,#VALUE!,,,,,,#VALUE!,#VALUE!
#VALUE!,#VALUE!,,#N/A,#VALUE!,#N/A,#VALUE!,,,#VALUE!,#VALUE!,,#VALUE!,,,#VALUE!,,,,,,#VALUE!,#VALUE!
#VALUE!,#VALUE!,,#N/A,#VALUE!,#N/A,#VALUE!,,,#VALUE!,#VALUE!,,#VALUE!,,,#VALUE!,,,,,,#VALUE!,#VALUE!
#VALUE!,#VALUE!,,#N/A,#VALUE!,#N/A,#VALUE!,,,#VALUE!,#VALUE!,,#VALUE!,,,#VALUE!,,,,,,#VALUE!,#VALUE!
#VALUE!,#VALUE!,,#N/A,#VALUE!,#N/A,#VALUE!,,,#VALUE!,#VALUE!,,#VALUE!,,,#VALUE!,,,,,,#VALUE!,#VALUE!
#VALUE!,#VALUE!,,#N/A,#VALUE!,#N/A,#VALUE!,,,#VALUE!,#VALUE!,,#VALUE!,,,#VALUE!,,,,,,#VALUE!,#VALUE!
#VALUE!,#VALUE!,,#N/A,#VALUE!,#N/A,#VALUE!,,,#VALUE!,#VALUE!,,#VALUE!,,,#VALUE!,,,,,,#VALUE!,#VALUE!
#VALUE!,#VALUE!,,#N/A,#VALUE!,#N/A,#VALUE!,,,#VALUE!,#VALUE!,,#VALUE!,,,#VALUE!,,,,,,#VALUE!,#VALUE!
#VALUE!,#VALUE!,,#N/A,#VALUE!,#N/A,#VALUE!,,,#VALUE!,#VALUE!,,#VALUE!,,,#VALUE!,,,,,,#VALUE!,#VALUE!
#VALUE!,#VALUE!,,#N/A,#VALUE!,#N/A,#VALUE!,,,#VALUE!,#VALUE!,,#VALUE!,,,#VALUE!,,,,,,#VALUE!,#VALUE!
#VALUE!,#VALUE!,,#N/A,#VALUE!,#N/A,#VALUE!,,,#VALUE!,#VALUE!,,#VALUE!,,,#VALUE!,,,,,,#VALUE!,#VALUE!
#VALUE!,#VALUE!,,#N/A,#VALUE!,#N/A,#VALUE!,,,#VALUE!,#VALUE!,,#VALUE!,,,#VALUE!,,,,,,#VALUE!,#VALUE!
#VALUE!,#VALUE!,,#N/A,#VALUE!,#N/A,#VALUE!,,,#VALUE!,#VALUE!,,#VALUE!,,,#VALUE!,,,,,,#VALUE!,#VALUE!
#VALUE!,#VALUE!,,#N/A,#VALUE!,#N/A,#VALUE!,,,#VALUE!,#VALUE!,,#VALUE!,,,#VALUE!,,,,,,#VALUE!,#VALUE!
#VALUE!,#VALUE!,,#N/A,#VALUE!,#N/A,#VALUE!,,,#VALUE!,#VALUE!,,#VALUE!,,,#VALUE!,,,,,,#VALUE!,#VALUE!
#VALUE!,#VALUE!,,#N/A,#VALUE!,#N/A,#VALUE!,,,#VALUE!,#VALUE!,,#VALUE!,,,#VALUE!,,,,,,#VALUE!,#VALUE!
#VALUE!,#VALUE!,,#N/A,#VALUE!,#N/A,#VALUE!,,,#VALUE!,#VALUE!,,#VALUE!,,,#VALUE!,,,,,,#VALUE!,#VALUE!
#VALUE!,#VALUE!,,#N/A,#VALUE!,#N/A,#VALUE!,,,#VALUE!,#VALUE!,,#VALUE!,,,#VALUE!,,,,,,#VALUE!,#VALUE!
#VALUE!,#VALUE!,,#N/A,#VALUE!,#N/A,#VALUE!,,,#VALUE!,#VALUE!,,#VALUE!,,,#VALUE!,,,,,,#VALUE!,#VALUE!
#VALUE!,#VALUE!,,#N/A,#VALUE!,#N/A,#VALUE!,,,#VALUE!,#VALUE!,,#VALUE!,,,#VALUE!,,,,,,#VALUE!,#VALUE!
#VALUE!,#VALUE!,,#N/A,#VALUE!,#N/A,#VALUE!,,,#VALUE!,#VALUE!,,#VALUE!,,,#VALUE!,,,,,,#VALUE!,#VALUE!
#VALUE!,#VALUE!,,#N/A,#VALUE!,#N/A,#VALUE!,,,#VALUE!,#VALUE!,,#VALUE!,,,#VALUE!,,,,,,#VALUE!,#VALUE!
#VALUE!,#VALUE!,,#N/A,#VALUE!,#N/A,#VALUE!,,,#VALUE!,#VALUE!,,#VALUE!,,,#VALUE!,,,,,,#VALUE!,#VALUE!
#VALUE!,#VALUE!,,#N/A,#VALUE!,#N/A,#VALUE!,,,#VALUE!,#VALUE!,,#VALUE!,,,#VALUE!,,,,,,#VALUE!,#VALUE!
#VALUE!,#VALUE!,,#N/A,#VALUE!,#N/A,#VALUE!,,,#VALUE!,#VALUE!,,#VALUE!,,,#VALUE!,,,,,,#VALUE!,#VALUE!
#VALUE!,#VALUE!,,#N/A,#VALUE!,#N/A,#VALUE!,,,#VALUE!,#VALUE!,,#VALUE!,,,#VALUE!,,,,,,#VALUE!,#VALUE!
#VALUE!,#VALUE!,,#N/A,#VALUE!,#N/A,#VALUE!,,,#VALUE!,#VALUE!,,#VALUE!,,,#VALUE!,,,,,,#VALUE!,#VALUE!
#VALUE!,#VALUE!,,#N/A,#VALUE!,#N/A,#VALUE!,,,#VALUE!,#VALUE!,,#VALUE!,,,#VALUE!,,,,,,#VALUE!,#VALUE!
#VALUE!,#VALUE!,,#N/A,#VALUE!,#N/A,#VALUE!,,,#VALUE!,#VALUE!,,#VALUE!,,,#VALUE!,,,,,,#VALUE!,#VALUE!
#VALUE!,#VALUE!,,#N/A,#VALUE!,#N/A,#VALUE!,,,#VALUE!,#VALUE!,,#VALUE!,,,#VALUE!,,,,,,#VALUE!,#VALUE!
#VALUE!,#VALUE!,,#N/A,#VALUE!,#N/A,#VALUE!,,,#VALUE!,#VALUE!,,#VALUE!,,,#VALUE!,,,,,,#VALUE!,#VALUE!
#VALUE!,#VALUE!,,#N/A,#VALUE!,#N/A,#VALUE!,,,#VALUE!,#VALUE!,,#VALUE!,,,#VALUE!,,,,,,#VALUE!,#VALUE!
#VALUE!,#VALUE!,,#N/A,#VALUE!,#N/A,#VALUE!,,,#VALUE!,#VALUE!,,#VALUE!,,,#VALUE!,,,,,,#VALUE!,#VALUE!
#VALUE!,#VALUE!,,#N/A,#VALUE!,#N/A,#VALUE!,,,#VALUE!,#VALUE!,,#VALUE!,,,#VALUE!,,,,,,#VALUE!,#VALUE!
#VALUE!,#VALUE!,,#N/A,#VALUE!,#N/A,#VALUE!,,,#VALUE!,#VALUE!,,#VALUE!,,,#VALUE!,,,,,,#VALUE!,#VALUE!
#VALUE!,#VALUE!,,#N/A,#VALUE!,#N/A,#VALUE!,,,#VALUE!,#VALUE!,,#VALUE!,,,#VALUE!,,,,,,#VALUE!,#VALUE!
#VALUE!,#VALUE!,,#N/A,#VALUE!,#N/A,#VALUE!,,,#VALUE!,#VALUE!,,#VALUE!,,,#VALUE!,,,,,,#VALUE!,#VALUE!
#VALUE!,#VALUE!,,#N/A,#VALUE!,#N/A,#VALUE!,,,#VALUE!,#VALUE!,,#VALUE!,,,#VALUE!,,,,,,#VALUE!,#VALUE!
#VALUE!,#VALUE!,,#N/A,#VALUE!,#N/A,#VALUE!,,,#VALUE!,#VALUE!,,#VALUE!,,,#VALUE!,,,,,,#VALUE!,#VALUE!
#VALUE!,#VALUE!,,#N/A,#VALUE!,#N/A,#VALUE!,,,#VALUE!,#VALUE!,,#VALUE!,,,#VALUE!,,,,,,#VALUE!,#VALUE!
#VALUE!,#VALUE!,,#N/A,#VALUE!,#N/A,#VALUE!,,,#VALUE!,#VALUE!,,#VALUE!,,,#VALUE!,,,,,,#VALUE!,#VALUE!
#VALUE!,#VALUE!,,#N/A,#VALUE!,#N/A,#VALUE!,,,#VALUE!,#VALUE!,,#VALUE!,,,#VALUE!,,,,,,#VALUE!,#VALUE!
#VALUE!,#VALUE!,,#N/A,#VALUE!,#N/A,#VALUE!,,,#VALUE!,#VALUE!,,#VALUE!,,,#VALUE!,,,,,,#VALUE!,#VALUE!
#VALUE!,#VALUE!,,#N/A,#VALUE!,#N/A,#VALUE!,,,#VALUE!,#VALUE!,,#VALUE!,,,#VALUE!,,,,,,#VALUE!,#VALUE!
#VALUE!,#VALUE!,,#N/A,#VALUE!,#N/A,#VALUE!,,,#VALUE!,#VALUE!,,#VALUE!,,,#VALUE!,,,,,,#VALUE!,#VALUE!
#VALUE!,#VALUE!,,#N/A,#VALUE!,#N/A,#VALUE!,,,#VALUE!,#VALUE!,,#VALUE!,,,#VALUE!,,,,,,#VALUE!,#VALUE!
#VALUE!,#VALUE!,,#N/A,#VALUE!,#N/A,#VALUE!,,,#VALUE!,#VALUE!,,#VALUE!,,,#VALUE!,,,,,,#VALUE!,#VALUE!
#VALUE!,#VALUE!,,#N/A,#VALUE!,#N/A,#VALUE!,,,#VALUE!,#VALUE!,,#VALUE!,,,#VALUE!,,,,,,#VALUE!,#VALUE!
#VALUE!,#VALUE!,,#N/A,#VALUE!,#N/A,#VALUE!,,,#VALUE!,#VALUE!,,#VALUE!,,,#VALUE!,,,,,,#VALUE!,#VALUE!
#VALUE!,#VALUE!,,#N/A,#VALUE!,#N/A,#VALUE!,,,#VALUE!,#VALUE!,,#VALUE!,,,#VALUE!,,,,,,#VALUE!,#VALUE!
#VALUE!,#VALUE!,,#N/A,#VALUE!,#N/A,#VALUE!,,,#VALUE!,#VALUE!,,#VALUE!,,,#VALUE!,,,,,,#VALUE!,#VALUE!
#VALUE!,#VALUE!,,#N/A,#VALUE!,#N/A,#VALUE!,,,#VALUE!,#VALUE!,,#VALUE!,,,#VALUE!,,,,,,#VALUE!,#VALUE!
#VALUE!,#VALUE!,,#N/A,#VALUE!,#N/A,#VALUE!,,,#VALUE!,#VALUE!,,#VALUE!,,,#VALUE!,,,,,,#VALUE!,#VALUE!
#VALUE!,#VALUE!,,#N/A,#VALUE!,#N/A,#VALUE!,,,#VALUE!,#VALUE!,,#VALUE!,,,#VALUE!,,,,,,#VALUE!,#VALUE!
#VALUE!,#VALUE!,,#N/A,#VALUE!,#N/A,#VALUE!,,,#VALUE!,#VALUE!,,#VALUE!,,,#VALUE!,,,,,,#VALUE!,#VALUE!
#VALUE!,#VALUE!,,#N/A,#VALUE!,#N/A,#VALUE!,,,#VALUE!,#VALUE!,,#VALUE!,,,#VALUE!,,,,,,#VALUE!,#VALUE!
#VALUE!,#VALUE!,,#N/A,#VALUE!,#N/A,#VALUE!,,,#VALUE!,#VALUE!,,#VALUE!,,,#VALUE!,,,,,,#VALUE!,#VALUE!
#VALUE!,#VALUE!,,#N/A,#VALUE!,#N/A,#VALUE!,,,#VALUE!,#VALUE!,,#VALUE!,,,#VALUE!,,,,,,#VALUE!,#VALUE!
#VALUE!,#VALUE!,,#N/A,#VALUE!,#N/A,#VALUE!,,,#VALUE!,#VALUE!,,#VALUE!,,,#VALUE!,,,,,,#VALUE!,#VALUE!
#VALUE!,#VALUE!,,#N/A,#VALUE!,#N/A,#VALUE!,,,#VALUE!,#VALUE!,,#VALUE!,,,#VALUE!,,,,,,#VALUE!,#VALUE!
#VALUE!,#VALUE!,,#N/A,#VALUE!,#N/A,#VALUE!,,,#VALUE!,#VALUE!,,#VALUE!,,,#VALUE!,,,,,,#VALUE!,#VALUE!
#VALUE!,#VALUE!,,#N/A,#VALUE!,#N/A,#VALUE!,,,#VALUE!,#VALUE!,,#VALUE!,,,#VALUE!,,,,,,#VALUE!,#VALUE!
#VALUE!,#VALUE!,,#N/A,#VALUE!,#N/A,#VALUE!,,,#VALUE!,#VALUE!,,#VALUE!,,,#VALUE!,,,,,,#VALUE!,#VALUE!
